{"cameraMode":{"drawMode":0,"name":"Shaded","section":"Shading Mode"},"sceneLighting":true,"audioPlay":false,"sceneViewState":{"showFog":true,"showMaterialUpdate":false,"showSkybox":true,"showFlares":true,"showImageEffects":true,"showParticleSystems":true},"in2DMode":false,"pivot":{"x":0.1394517421722412,"y":0.6339958906173706,"z":3.868499755859375},"rotation":{"x":0.0359758697450161,"y":-0.03589160367846489,"z":0.001197848585434258,"w":0.998765766620636},"size":2.6298439502716066,"orthographic":false}